-- phpMyAdmin SQL Dump
-- version 5.0.2
-- https://www.phpmyadmin.net/
--
-- Host: 127.0.0.1
-- Waktu pembuatan: 10 Jan 2022 pada 19.10
-- Versi server: 10.4.13-MariaDB
-- Versi PHP: 7.4.7

SET SQL_MODE = "NO_AUTO_VALUE_ON_ZERO";
START TRANSACTION;
SET time_zone = "+00:00";


/*!40101 SET @OLD_CHARACTER_SET_CLIENT=@@CHARACTER_SET_CLIENT */;
/*!40101 SET @OLD_CHARACTER_SET_RESULTS=@@CHARACTER_SET_RESULTS */;
/*!40101 SET @OLD_COLLATION_CONNECTION=@@COLLATION_CONNECTION */;
/*!40101 SET NAMES utf8mb4 */;

--
-- Database: `camrental_`
--

-- --------------------------------------------------------

--
-- Struktur dari tabel `ci_sessions`
--

CREATE TABLE `ci_sessions` (
  `id` varchar(128) NOT NULL,
  `ip_address` varchar(45) NOT NULL,
  `timestamp` int(10) UNSIGNED NOT NULL DEFAULT 0,
  `data` blob NOT NULL
) ENGINE=InnoDB DEFAULT CHARSET=utf8mb4;

--
-- Dumping data untuk tabel `ci_sessions`
--

INSERT INTO `ci_sessions` (`id`, `ip_address`, `timestamp`, `data`) VALUES
('pphjn6v1ecd3ocmrfk4aj971q3lbm6hu', '::1', 1641722059, 0x5f5f63695f6c6173745f726567656e65726174657c693a313634313732323035393b636172745f636f6e74656e74737c613a343a7b733a31303a22636172745f746f74616c223b643a36363030303b733a31313a22746f74616c5f6974656d73223b643a323b733a33323a226338316537323864396434633266363336663036376638396363313438363263223b613a363a7b733a323a226964223b733a313a2232223b733a333a22717479223b643a313b733a353a227072696365223b643a33313030303b733a343a226e616d65223b733a373a2242726f6b6f6c69223b733a353a22726f776964223b733a33323a226338316537323864396434633266363336663036376638396363313438363263223b733a383a22737562746f74616c223b643a33313030303b7d733a33323a223435633438636365326532643766626465613161666335316337633661643236223b613a363a7b733a323a226964223b733a313a2239223b733a333a22717479223b643a313b733a353a227072696365223b643a33353030303b733a343a226e616d65223b733a343a224170656c223b733a353a22726f776964223b733a33323a223435633438636365326532643766626465613161666335316337633661643236223b733a383a22737562746f74616c223b643a33353030303b7d7d7265646972656374696f6e7c4e3b5f5f4143544956455f53455353494f4e5f444154417c733a3235363a2239353934353033376237653438353634666664303734313138356239616130386664323761313465393535656337346138646163336137373035323065356338663639353565656362343036383530653532666139653739633262306532383863316364306363303933313438373434393661396539333534393831313933614f365662446f716c73545970717a6c5779416a70756f56615931557030592b6f4974595a69306e574b35337269614c2b39536d6f376832346776484656576661776646382f7a41573673514661746e4a50573445736b53347453634865526e5265365672385a57726b432b56304e50574f67744b692f694a37787a62434b7969223b),
('9pglfu2ld88qd18mbps6rk2urrrjiacj', '::1', 1641723611, 0x5f5f63695f6c6173745f726567656e65726174657c693a313634313732333631313b636172745f636f6e74656e74737c613a343a7b733a31303a22636172745f746f74616c223b643a36363030303b733a31313a22746f74616c5f6974656d73223b643a323b733a33323a226338316537323864396434633266363336663036376638396363313438363263223b613a363a7b733a323a226964223b733a313a2232223b733a333a22717479223b643a313b733a353a227072696365223b643a33313030303b733a343a226e616d65223b733a373a2242726f6b6f6c69223b733a353a22726f776964223b733a33323a226338316537323864396434633266363336663036376638396363313438363263223b733a383a22737562746f74616c223b643a33313030303b7d733a33323a223435633438636365326532643766626465613161666335316337633661643236223b613a363a7b733a323a226964223b733a313a2239223b733a333a22717479223b643a313b733a353a227072696365223b643a33353030303b733a343a226e616d65223b733a343a224170656c223b733a353a22726f776964223b733a33323a223435633438636365326532643766626465613161666335316337633661643236223b733a383a22737562746f74616c223b643a33353030303b7d7d7265646972656374696f6e7c4e3b5f5f4143544956455f53455353494f4e5f444154417c733a3235363a223262373035656566613634343066316461326262343934633264663436306365303033306663363232663561636166376565313662666330653936623634383866656461623636346565393664303133393665396462376339383034653333616138353331343637613439366261386566383939333830613065626534336662654d756e6d59486e6e5337756f61534738317a704f547438716e562f494c323147555454724d444d336536507a6e4f685130616845555534775041507444644a5a302f4863454b6e50454c63437a393370496b57364f646e477733743836433633425a5770594b58484531703937414452666e4565436a6d394d574376477445223b),
('3gbugfmadh3u0e2dhc3243ebh9h9tjjp', '::1', 1641723982, 0x5f5f63695f6c6173745f726567656e65726174657c693a313634313732333938323b636172745f636f6e74656e74737c613a343a7b733a31303a22636172745f746f74616c223b643a36363030303b733a31313a22746f74616c5f6974656d73223b643a323b733a33323a226338316537323864396434633266363336663036376638396363313438363263223b613a363a7b733a323a226964223b733a313a2232223b733a333a22717479223b643a313b733a353a227072696365223b643a33313030303b733a343a226e616d65223b733a373a2242726f6b6f6c69223b733a353a22726f776964223b733a33323a226338316537323864396434633266363336663036376638396363313438363263223b733a383a22737562746f74616c223b643a33313030303b7d733a33323a223435633438636365326532643766626465613161666335316337633661643236223b613a363a7b733a323a226964223b733a313a2239223b733a333a22717479223b643a313b733a353a227072696365223b643a33353030303b733a343a226e616d65223b733a343a224170656c223b733a353a22726f776964223b733a33323a223435633438636365326532643766626465613161666335316337633661643236223b733a383a22737562746f74616c223b643a33353030303b7d7d7265646972656374696f6e7c4e3b5f5f4143544956455f53455353494f4e5f444154417c733a3235363a223262373035656566613634343066316461326262343934633264663436306365303033306663363232663561636166376565313662666330653936623634383866656461623636346565393664303133393665396462376339383034653333616138353331343637613439366261386566383939333830613065626534336662654d756e6d59486e6e5337756f61534738317a704f547438716e562f494c323147555454724d444d336536507a6e4f685130616845555534775041507444644a5a302f4863454b6e50454c63437a393370496b57364f646e477733743836433633425a5770594b58484531703937414452666e4565436a6d394d574376477445223b),
('fhti1t69npm4eji0gdt0crioo4mi7a9i', '::1', 1641724299, 0x5f5f63695f6c6173745f726567656e65726174657c693a313634313732343239393b636172745f636f6e74656e74737c613a343a7b733a31303a22636172745f746f74616c223b643a36363030303b733a31313a22746f74616c5f6974656d73223b643a323b733a33323a226338316537323864396434633266363336663036376638396363313438363263223b613a363a7b733a323a226964223b733a313a2232223b733a333a22717479223b643a313b733a353a227072696365223b643a33313030303b733a343a226e616d65223b733a373a2242726f6b6f6c69223b733a353a22726f776964223b733a33323a226338316537323864396434633266363336663036376638396363313438363263223b733a383a22737562746f74616c223b643a33313030303b7d733a33323a223435633438636365326532643766626465613161666335316337633661643236223b613a363a7b733a323a226964223b733a313a2239223b733a333a22717479223b643a313b733a353a227072696365223b643a33353030303b733a343a226e616d65223b733a343a224170656c223b733a353a22726f776964223b733a33323a223435633438636365326532643766626465613161666335316337633661643236223b733a383a22737562746f74616c223b643a33353030303b7d7d7265646972656374696f6e7c4e3b5f5f4143544956455f53455353494f4e5f444154417c733a3235363a223262373035656566613634343066316461326262343934633264663436306365303033306663363232663561636166376565313662666330653936623634383866656461623636346565393664303133393665396462376339383034653333616138353331343637613439366261386566383939333830613065626534336662654d756e6d59486e6e5337756f61534738317a704f547438716e562f494c323147555454724d444d336536507a6e4f685130616845555534775041507444644a5a302f4863454b6e50454c63437a393370496b57364f646e477733743836433633425a5770594b58484531703937414452666e4565436a6d394d574376477445223b),
('7r8ts9c64qgpmm9v7jgbttpkfrm7fg5h', '::1', 1641724665, 0x5f5f63695f6c6173745f726567656e65726174657c693a313634313732343636353b636172745f636f6e74656e74737c613a343a7b733a31303a22636172745f746f74616c223b643a36363030303b733a31313a22746f74616c5f6974656d73223b643a323b733a33323a226338316537323864396434633266363336663036376638396363313438363263223b613a363a7b733a323a226964223b733a313a2232223b733a333a22717479223b643a313b733a353a227072696365223b643a33313030303b733a343a226e616d65223b733a373a2242726f6b6f6c69223b733a353a22726f776964223b733a33323a226338316537323864396434633266363336663036376638396363313438363263223b733a383a22737562746f74616c223b643a33313030303b7d733a33323a223435633438636365326532643766626465613161666335316337633661643236223b613a363a7b733a323a226964223b733a313a2239223b733a333a22717479223b643a313b733a353a227072696365223b643a33353030303b733a343a226e616d65223b733a343a224170656c223b733a353a22726f776964223b733a33323a223435633438636365326532643766626465613161666335316337633661643236223b733a383a22737562746f74616c223b643a33353030303b7d7d7265646972656374696f6e7c4e3b5f5f4143544956455f53455353494f4e5f444154417c733a3235363a223262373035656566613634343066316461326262343934633264663436306365303033306663363232663561636166376565313662666330653936623634383866656461623636346565393664303133393665396462376339383034653333616138353331343637613439366261386566383939333830613065626534336662654d756e6d59486e6e5337756f61534738317a704f547438716e562f494c323147555454724d444d336536507a6e4f685130616845555534775041507444644a5a302f4863454b6e50454c63437a393370496b57364f646e477733743836433633425a5770594b58484531703937414452666e4565436a6d394d574376477445223b),
('eob3gusaptesskoeq7gf38daumeh165a', '::1', 1641725089, 0x5f5f63695f6c6173745f726567656e65726174657c693a313634313732353038393b636172745f636f6e74656e74737c613a343a7b733a31303a22636172745f746f74616c223b643a36363030303b733a31313a22746f74616c5f6974656d73223b643a323b733a33323a226338316537323864396434633266363336663036376638396363313438363263223b613a363a7b733a323a226964223b733a313a2232223b733a333a22717479223b643a313b733a353a227072696365223b643a33313030303b733a343a226e616d65223b733a373a2242726f6b6f6c69223b733a353a22726f776964223b733a33323a226338316537323864396434633266363336663036376638396363313438363263223b733a383a22737562746f74616c223b643a33313030303b7d733a33323a223435633438636365326532643766626465613161666335316337633661643236223b613a363a7b733a323a226964223b733a313a2239223b733a333a22717479223b643a313b733a353a227072696365223b643a33353030303b733a343a226e616d65223b733a343a224170656c223b733a353a22726f776964223b733a33323a223435633438636365326532643766626465613161666335316337633661643236223b733a383a22737562746f74616c223b643a33353030303b7d7d7265646972656374696f6e7c4e3b5f5f4143544956455f53455353494f4e5f444154417c733a3235363a223262373035656566613634343066316461326262343934633264663436306365303033306663363232663561636166376565313662666330653936623634383866656461623636346565393664303133393665396462376339383034653333616138353331343637613439366261386566383939333830613065626534336662654d756e6d59486e6e5337756f61534738317a704f547438716e562f494c323147555454724d444d336536507a6e4f685130616845555534775041507444644a5a302f4863454b6e50454c63437a393370496b57364f646e477733743836433633425a5770594b58484531703937414452666e4565436a6d394d574376477445223b),
('bi6jglqf9pd0j3l8ahc6b3i17e1e1m3r', '::1', 1641725429, 0x5f5f63695f6c6173745f726567656e65726174657c693a313634313732353432393b636172745f636f6e74656e74737c613a343a7b733a31303a22636172745f746f74616c223b643a36363030303b733a31313a22746f74616c5f6974656d73223b643a323b733a33323a226338316537323864396434633266363336663036376638396363313438363263223b613a363a7b733a323a226964223b733a313a2232223b733a333a22717479223b643a313b733a353a227072696365223b643a33313030303b733a343a226e616d65223b733a373a2242726f6b6f6c69223b733a353a22726f776964223b733a33323a226338316537323864396434633266363336663036376638396363313438363263223b733a383a22737562746f74616c223b643a33313030303b7d733a33323a223435633438636365326532643766626465613161666335316337633661643236223b613a363a7b733a323a226964223b733a313a2239223b733a333a22717479223b643a313b733a353a227072696365223b643a33353030303b733a343a226e616d65223b733a343a224170656c223b733a353a22726f776964223b733a33323a223435633438636365326532643766626465613161666335316337633661643236223b733a383a22737562746f74616c223b643a33353030303b7d7d7265646972656374696f6e7c4e3b5f5f4143544956455f53455353494f4e5f444154417c733a3235363a223262373035656566613634343066316461326262343934633264663436306365303033306663363232663561636166376565313662666330653936623634383866656461623636346565393664303133393665396462376339383034653333616138353331343637613439366261386566383939333830613065626534336662654d756e6d59486e6e5337756f61534738317a704f547438716e562f494c323147555454724d444d336536507a6e4f685130616845555534775041507444644a5a302f4863454b6e50454c63437a393370496b57364f646e477733743836433633425a5770594b58484531703937414452666e4565436a6d394d574376477445223b),
('0f3096r6l48d66vkbdqdj9jd6lufhvrs', '::1', 1641725735, 0x5f5f63695f6c6173745f726567656e65726174657c693a313634313732353733353b7265646972656374696f6e7c4e3b5f5f4143544956455f53455353494f4e5f444154417c733a3235363a2265316164333637613237616664313065613639353231303637613131666437383063353864616639623062366664313435396262643261326235363261646665333965636565346438306232383866663838313533623364666338643664326333666139373632623934303631303632616663656131613136333465343331634876374e74726646556455756535674263494437724756626f614f6e71795a636642594975303966417054344e415a3877417435664976352b745677756f6347452b357153536464397a7565355548637144325642687a6e49346c784d35424f6b5463663956514f31517675494c384f2f2b4a622b38434751756e3030786e63223b),
('shm7eae9qfpouidg2np22dmvjg0gcq2s', '::1', 1641725820, 0x5f5f63695f6c6173745f726567656e65726174657c693a313634313732353733353b7265646972656374696f6e7c4e3b5f5f4143544956455f53455353494f4e5f444154417c733a3235363a22333237376232323166323939613762393833353436363234393333383638393666346531613438303263353139386132653932346235306332366463613531303637383531376364316163613462373930393235613264303566666335643762636139366666633936323938393465373138663233363531636163316530343649363365364e36544435625a385839325168734c4635684b6d4d5a6363645852774e6f534d624d4870456b5a753365435970306944515a596c65657474376f7579372b483759667649612b3763526b35337436716131567a3279786846427a6362674a735764624c36586343764d7a33446838456e6a305a4e41356767435a42223b),
('63tk7o83l106dc0k0l5pbmpde3uln0e1', '::1', 1641820414, 0x5f5f63695f6c6173745f726567656e65726174657c693a313634313832303431343b),
('2d3nku7ihnurg4kcghgnkgkhi48agekj', '::1', 1641821087, 0x5f5f63695f6c6173745f726567656e65726174657c693a313634313832313038373b),
('fohjta3lrfpa1hq1cddg2cr87veou3sm', '::1', 1641821463, 0x5f5f63695f6c6173745f726567656e65726174657c693a313634313832313436333b),
('bnu3m98n2em8kj3699nitt4psvd0jnve', '::1', 1641821819, 0x5f5f63695f6c6173745f726567656e65726174657c693a313634313832313831393b7265646972656374696f6e7c4e3b5f5f4143544956455f53455353494f4e5f444154417c733a3235363a22663632646532346466343930383663353439613332323666343233376461613263353933343834626465393732343738373361343562343736353032643630396539666432363437333832616437313038353235336533646332656161656231666265386535616465333261393261663733656138396265336232616139613159537a36326d757a6d3059454575466e69336d4e537353614863675874316846445a3764694a4553725247767956685a4979433549575758646b694a67495935657558494773737274616862746b4464693447506c584e716c48616931644a6d766578686b75417937717a4a322b42797a2f786959476c58364c71665a376c79223b),
('v2od99tj7ise9autvta8uq0seqmgq3nl', '::1', 1641822157, 0x5f5f63695f6c6173745f726567656e65726174657c693a313634313832323135373b7265646972656374696f6e7c4e3b5f5f4143544956455f53455353494f4e5f444154417c733a3235363a22663632646532346466343930383663353439613332323666343233376461613263353933343834626465393732343738373361343562343736353032643630396539666432363437333832616437313038353235336533646332656161656231666265386535616465333261393261663733656138396265336232616139613159537a36326d757a6d3059454575466e69336d4e537353614863675874316846445a3764694a4553725247767956685a4979433549575758646b694a67495935657558494773737274616862746b4464693447506c584e716c48616931644a6d766578686b75417937717a4a322b42797a2f786959476c58364c71665a376c79223b),
('fgvd0m87950mu0pjtj2ca7pjuo2ab83v', '::1', 1641822465, 0x5f5f63695f6c6173745f726567656e65726174657c693a313634313832323436353b7265646972656374696f6e7c4e3b5f5f4143544956455f53455353494f4e5f444154417c733a3235363a22663632646532346466343930383663353439613332323666343233376461613263353933343834626465393732343738373361343562343736353032643630396539666432363437333832616437313038353235336533646332656161656231666265386535616465333261393261663733656138396265336232616139613159537a36326d757a6d3059454575466e69336d4e537353614863675874316846445a3764694a4553725247767956685a4979433549575758646b694a67495935657558494773737274616862746b4464693447506c584e716c48616931644a6d766578686b75417937717a4a322b42797a2f786959476c58364c71665a376c79223b),
('dh0aimv4vgmpdnqjkoal19gvkdefa49j', '::1', 1641822772, 0x5f5f63695f6c6173745f726567656e65726174657c693a313634313832323737323b7265646972656374696f6e7c4e3b5f5f4143544956455f53455353494f4e5f444154417c733a3235363a22663632646532346466343930383663353439613332323666343233376461613263353933343834626465393732343738373361343562343736353032643630396539666432363437333832616437313038353235336533646332656161656231666265386535616465333261393261663733656138396265336232616139613159537a36326d757a6d3059454575466e69336d4e537353614863675874316846445a3764694a4553725247767956685a4979433549575758646b694a67495935657558494773737274616862746b4464693447506c584e716c48616931644a6d766578686b75417937717a4a322b42797a2f786959476c58364c71665a376c79223b),
('56ieglc4a25itl381l6e3a7pvrisko3k', '::1', 1641823073, 0x5f5f63695f6c6173745f726567656e65726174657c693a313634313832333037333b7265646972656374696f6e7c4e3b5f5f4143544956455f53455353494f4e5f444154417c733a3235363a22663632646532346466343930383663353439613332323666343233376461613263353933343834626465393732343738373361343562343736353032643630396539666432363437333832616437313038353235336533646332656161656231666265386535616465333261393261663733656138396265336232616139613159537a36326d757a6d3059454575466e69336d4e537353614863675874316846445a3764694a4553725247767956685a4979433549575758646b694a67495935657558494773737274616862746b4464693447506c584e716c48616931644a6d766578686b75417937717a4a322b42797a2f786959476c58364c71665a376c79223b),
('84uohiva0uli1ptov09597jl0f25ikr3', '::1', 1641823401, 0x5f5f63695f6c6173745f726567656e65726174657c693a313634313832333430313b7265646972656374696f6e7c4e3b5f5f4143544956455f53455353494f4e5f444154417c733a3235363a22663632646532346466343930383663353439613332323666343233376461613263353933343834626465393732343738373361343562343736353032643630396539666432363437333832616437313038353235336533646332656161656231666265386535616465333261393261663733656138396265336232616139613159537a36326d757a6d3059454575466e69336d4e537353614863675874316846445a3764694a4553725247767956685a4979433549575758646b694a67495935657558494773737274616862746b4464693447506c584e716c48616931644a6d766578686b75417937717a4a322b42797a2f786959476c58364c71665a376c79223b),
('dinb2h0vo7bst16j1eg2p6pmh0qm7et7', '::1', 1641823720, 0x5f5f63695f6c6173745f726567656e65726174657c693a313634313832333732303b7265646972656374696f6e7c4e3b5f5f4143544956455f53455353494f4e5f444154417c733a3235363a22663632646532346466343930383663353439613332323666343233376461613263353933343834626465393732343738373361343562343736353032643630396539666432363437333832616437313038353235336533646332656161656231666265386535616465333261393261663733656138396265336232616139613159537a36326d757a6d3059454575466e69336d4e537353614863675874316846445a3764694a4553725247767956685a4979433549575758646b694a67495935657558494773737274616862746b4464693447506c584e716c48616931644a6d766578686b75417937717a4a322b42797a2f786959476c58364c71665a376c79223b),
('272ad37ouegic0c97pnu8bpavkk902r5', '::1', 1641824172, 0x5f5f63695f6c6173745f726567656e65726174657c693a313634313832343137323b7265646972656374696f6e7c4e3b5f5f4143544956455f53455353494f4e5f444154417c733a3235363a22663632646532346466343930383663353439613332323666343233376461613263353933343834626465393732343738373361343562343736353032643630396539666432363437333832616437313038353235336533646332656161656231666265386535616465333261393261663733656138396265336232616139613159537a36326d757a6d3059454575466e69336d4e537353614863675874316846445a3764694a4553725247767956685a4979433549575758646b694a67495935657558494773737274616862746b4464693447506c584e716c48616931644a6d766578686b75417937717a4a322b42797a2f786959476c58364c71665a376c79223b),
('b1di64vrmu03gkc5qfqbb2b8h226rmc6', '::1', 1641824481, 0x5f5f63695f6c6173745f726567656e65726174657c693a313634313832343438313b7265646972656374696f6e7c4e3b5f5f4143544956455f53455353494f4e5f444154417c733a3235363a22663632646532346466343930383663353439613332323666343233376461613263353933343834626465393732343738373361343562343736353032643630396539666432363437333832616437313038353235336533646332656161656231666265386535616465333261393261663733656138396265336232616139613159537a36326d757a6d3059454575466e69336d4e537353614863675874316846445a3764694a4553725247767956685a4979433549575758646b694a67495935657558494773737274616862746b4464693447506c584e716c48616931644a6d766578686b75417937717a4a322b42797a2f786959476c58364c71665a376c79223b),
('k0ok6bkiri3onuac6n7jh9de5eninfgq', '::1', 1641824530, 0x5f5f63695f6c6173745f726567656e65726174657c693a313634313832343438313b7265646972656374696f6e7c4e3b5f5f4143544956455f53455353494f4e5f444154417c733a3235363a22663632646532346466343930383663353439613332323666343233376461613263353933343834626465393732343738373361343562343736353032643630396539666432363437333832616437313038353235336533646332656161656231666265386535616465333261393261663733656138396265336232616139613159537a36326d757a6d3059454575466e69336d4e537353614863675874316846445a3764694a4553725247767956685a4979433549575758646b694a67495935657558494773737274616862746b4464693447506c584e716c48616931644a6d766578686b75417937717a4a322b42797a2f786959476c58364c71665a376c79223b),
('qntoclic329i7l81g4a834hljbm28qe9', '::1', 1641834085, 0x5f5f63695f6c6173745f726567656e65726174657c693a313634313833343038353b7265646972656374696f6e7c4e3b5f5f4143544956455f53455353494f4e5f444154417c733a3235363a2237666432396130386666316263303863643264663837663863313930366366323463633837663162653865356365396339613433396138343030346235303062353337643333623138346230616365353237336433323130613465363862363863636634323535356237643466343133666264623734646561363463643032644357717276325270456e424f567a4e4e794b676865734a366c722b623662546e65356732696c434e5449596c6449642f6c5a56325632393647386170415442697530456c424b6f42396951726a4f686c682f70484e717535695a6e4f6751425938344d5834413069466f35614e394c3244677456627138424577695961353557223b),
('ccj162v72auv6r0msd0qig793savg2kk', '::1', 1641834506, 0x5f5f63695f6c6173745f726567656e65726174657c693a313634313833343530363b7265646972656374696f6e7c4e3b5f5f4143544956455f53455353494f4e5f444154417c733a3235363a2237666432396130386666316263303863643264663837663863313930366366323463633837663162653865356365396339613433396138343030346235303062353337643333623138346230616365353237336433323130613465363862363863636634323535356237643466343133666264623734646561363463643032644357717276325270456e424f567a4e4e794b676865734a366c722b623662546e65356732696c434e5449596c6449642f6c5a56325632393647386170415442697530456c424b6f42396951726a4f686c682f70484e717535695a6e4f6751425938344d5834413069466f35614e394c3244677456627138424577695961353557223b),
('7215fvudrimordigeptcv1lch0nqvrb0', '::1', 1641834937, 0x5f5f63695f6c6173745f726567656e65726174657c693a313634313833343933373b7265646972656374696f6e7c4e3b5f5f4143544956455f53455353494f4e5f444154417c733a3235363a2237666432396130386666316263303863643264663837663863313930366366323463633837663162653865356365396339613433396138343030346235303062353337643333623138346230616365353237336433323130613465363862363863636634323535356237643466343133666264623734646561363463643032644357717276325270456e424f567a4e4e794b676865734a366c722b623662546e65356732696c434e5449596c6449642f6c5a56325632393647386170415442697530456c424b6f42396951726a4f686c682f70484e717535695a6e4f6751425938344d5834413069466f35614e394c3244677456627138424577695961353557223b),
('sqoss0fct660d04l9rmg2a2kius9jrsa', '::1', 1641835293, 0x5f5f63695f6c6173745f726567656e65726174657c693a313634313833353239333b7265646972656374696f6e7c4e3b5f5f4143544956455f53455353494f4e5f444154417c733a3235363a226633343361653132343933663963666466323036343132373136343164393762633836643865353465386462353331366166393634316361326335383730613162353633623231656365333339646133363439383463393532333331376432653264306562333631613337353462633633656562373631363032316135303965566950633251543849394e584f582b33507467797a4b4b5172357045616d437030446a396331634e42357642315552645972717675554d57427a656f31367154764f5670316e3349344c58714f725643557a7646786243316f4e597034544e4e49776641677569776c4842784473797a434b504f6a534e6a4930705355305937223b636172745f636f6e74656e74737c613a333a7b733a31303a22636172745f746f74616c223b643a32303030303b733a31313a22746f74616c5f6974656d73223b643a313b733a33323a226334636134323338613062393233383230646363353039613666373538343962223b613a363a7b733a323a226964223b733a313a2231223b733a333a22717479223b643a313b733a353a227072696365223b643a32303030303b733a343a226e616d65223b733a31313a224e696b6f6e204433303030223b733a353a22726f776964223b733a33323a226334636134323338613062393233383230646363353039613666373538343962223b733a383a22737562746f74616c223b643a32303030303b7d7d),
('7im2ca3gg8nim1h5d3r9f79ut80ks21b', '::1', 1641835599, 0x5f5f63695f6c6173745f726567656e65726174657c693a313634313833353539393b7265646972656374696f6e7c733a36383a226148523063446f764c327876593246736147397a6443396a595731795a5735304c326c755a4756344c6e426f634339685a47317062693977636d396b64574e3063773d3d223b5f5f4143544956455f53455353494f4e5f444154417c733a3235363a226633343361653132343933663963666466323036343132373136343164393762633836643865353465386462353331366166393634316361326335383730613162353633623231656365333339646133363439383463393532333331376432653264306562333631613337353462633633656562373631363032316135303965566950633251543849394e584f582b33507467797a4b4b5172357045616d437030446a396331634e42357642315552645972717675554d57427a656f31367154764f5670316e3349344c58714f725643557a7646786243316f4e597034544e4e49776641677569776c4842784473797a434b504f6a534e6a4930705355305937223b636172745f636f6e74656e74737c613a333a7b733a31303a22636172745f746f74616c223b643a32303030303b733a31313a22746f74616c5f6974656d73223b643a313b733a33323a226334636134323338613062393233383230646363353039613666373538343962223b613a363a7b733a323a226964223b733a313a2231223b733a333a22717479223b643a313b733a353a227072696365223b643a32303030303b733a343a226e616d65223b733a31313a224e696b6f6e204433303030223b733a353a22726f776964223b733a33323a226334636134323338613062393233383230646363353039613666373538343962223b733a383a22737562746f74616c223b643a32303030303b7d7d),
('firvvkjqi57vve2kriorqtboa9os3537', '::1', 1641836136, 0x5f5f63695f6c6173745f726567656e65726174657c693a313634313833363133363b7265646972656374696f6e7c733a36383a226148523063446f764c327876593246736147397a6443396a595731795a5735304c326c755a4756344c6e426f634339685a47317062693977636d396b64574e3063773d3d223b5f5f4143544956455f53455353494f4e5f444154417c733a3235363a226633343361653132343933663963666466323036343132373136343164393762633836643865353465386462353331366166393634316361326335383730613162353633623231656365333339646133363439383463393532333331376432653264306562333631613337353462633633656562373631363032316135303965566950633251543849394e584f582b33507467797a4b4b5172357045616d437030446a396331634e42357642315552645972717675554d57427a656f31367154764f5670316e3349344c58714f725643557a7646786243316f4e597034544e4e49776641677569776c4842784473797a434b504f6a534e6a4930705355305937223b6f726465725f666c6173687c733a32363a224f7264657220626572686173696c20646974616d6261686b616e223b5f5f63695f766172737c613a313a7b733a31313a226f726465725f666c617368223b733a333a226f6c64223b7d),
('vuig2kpjnqi4f5kqeisg7uq5sk198dil', '::1', 1641836437, 0x5f5f63695f6c6173745f726567656e65726174657c693a313634313833363433373b7265646972656374696f6e7c4e3b6c6f67696e5f666c6173687c733a31363a22426572686173696c206c6f676f757421223b5f5f63695f766172737c613a313a7b733a31313a226c6f67696e5f666c617368223b733a333a226f6c64223b7d),
('vnics1106vqnkrpg9v8ul43d7luab8oq', '::1', 1641836863, 0x5f5f63695f6c6173745f726567656e65726174657c693a313634313833363836333b7265646972656374696f6e7c4e3b),
('65gukg7f5ui9bk1vrg09cmn027r9cahf', '::1', 1641837278, 0x5f5f63695f6c6173745f726567656e65726174657c693a313634313833373237383b7265646972656374696f6e7c4e3b),
('r1qg943is17nv4jmli6lnsk88d1m5ro1', '::1', 1641837585, 0x5f5f63695f6c6173745f726567656e65726174657c693a313634313833373538353b7265646972656374696f6e7c4e3b),
('felor4o95gom4nfgojccamce0gskh8v2', '::1', 1641837994, 0x5f5f63695f6c6173745f726567656e65726174657c693a313634313833373939343b7265646972656374696f6e7c4e3b5f5f4143544956455f53455353494f4e5f444154417c733a3235363a223464383761333865666562363763613863623161343130323634333035623338616463663661663938613666666138383633303937333035383236323733353732303232333934653231313939353764336664643066336561353464303932623266313538383932633063323366366438356136373339626661663437363334584e564249396f352f466d6c4a6265657061776350496a6f675962563631473437502f6b346269782b424a344a615939694a747179416f523051386c56314f34646d532f2b66674e5053416f36386655797047414a4247734d5255594c4755686677615770445462386f5242556642305056736a433262655874686b5370652f223b),
('phgocs2ga4qnco5gigh0qgglhh3ttarh', '::1', 1641838130, 0x5f5f63695f6c6173745f726567656e65726174657c693a313634313833373939343b7265646972656374696f6e7c4e3b5f5f4143544956455f53455353494f4e5f444154417c733a3235363a223464383761333865666562363763613863623161343130323634333035623338616463663661663938613666666138383633303937333035383236323733353732303232333934653231313939353764336664643066336561353464303932623266313538383932633063323366366438356136373339626661663437363334584e564249396f352f466d6c4a6265657061776350496a6f675962563631473437502f6b346269782b424a344a615939694a747179416f523051386c56314f34646d532f2b66674e5053416f36386655797047414a4247734d5255594c4755686677615770445462386f5242556642305056736a433262655874686b5370652f223b);

-- --------------------------------------------------------

--
-- Struktur dari tabel `contacts`
--

CREATE TABLE `contacts` (
  `id` int(10) NOT NULL,
  `parent_id` int(10) DEFAULT NULL,
  `name` varchar(32) NOT NULL,
  `subject` varchar(128) DEFAULT NULL,
  `email` varchar(64) NOT NULL,
  `message` mediumtext NOT NULL,
  `contact_date` datetime DEFAULT NULL,
  `status` tinyint(1) DEFAULT 1,
  `reply_at` datetime DEFAULT NULL
) ENGINE=InnoDB DEFAULT CHARSET=utf8mb4;

--
-- Dumping data untuk tabel `contacts`
--

INSERT INTO `contacts` (`id`, `parent_id`, `name`, `subject`, `email`, `message`, `contact_date`, `status`, `reply_at`) VALUES
(1, NULL, 'Agung Tri Saputra', 'Pengiriman kok lama?', 'martinms.za@gmail.com', 'pengiriman pesanan saya kok lama ya', '2020-03-29 07:40:13', 2, NULL);

-- --------------------------------------------------------

--
-- Struktur dari tabel `coupons`
--

CREATE TABLE `coupons` (
  `id` bigint(20) NOT NULL,
  `name` varchar(191) NOT NULL,
  `code` varchar(32) NOT NULL,
  `credit` decimal(8,2) NOT NULL,
  `start_date` date NOT NULL,
  `expired_date` date NOT NULL,
  `is_active` tinyint(4) DEFAULT 1
) ENGINE=InnoDB DEFAULT CHARSET=utf8mb4;

--
-- Dumping data untuk tabel `coupons`
--

INSERT INTO `coupons` (`id`, `name`, `code`, `credit`, `start_date`, `expired_date`, `is_active`) VALUES
(4, 'Berbagi Ramadhan', 'RAMADHAN2021', '5000.00', '2021-05-02', '2021-05-09', 1),
(5, 'WELCOME MAY', 'MAY21', '4000.00', '2021-05-01', '2021-05-08', 1);

-- --------------------------------------------------------

--
-- Struktur dari tabel `customers`
--

CREATE TABLE `customers` (
  `id` bigint(20) NOT NULL,
  `user_id` bigint(20) UNSIGNED DEFAULT NULL,
  `name` varchar(191) NOT NULL,
  `phone_number` varchar(32) DEFAULT NULL,
  `address` varchar(191) NOT NULL,
  `profile_picture` varchar(191) DEFAULT NULL
) ENGINE=InnoDB DEFAULT CHARSET=utf8mb4;

--
-- Dumping data untuk tabel `customers`
--

INSERT INTO `customers` (`id`, `user_id`, `name`, `phone_number`, `address`, `profile_picture`) VALUES
(6, 7, 'Agung Tri Saputra', '081328907767', 'Kost Indah Jaya Belakang No. 19, Jl. Medan Baru VI, Kandang Limun, Bengkulu', 'agung.png'),
(7, 8, 'Martin Mulyo Syahidin', '08227163734', 'medan', NULL),
(8, 9, 'percobaan', '0123456789', 'Condong Catur, Jogja', NULL);

-- --------------------------------------------------------

--
-- Struktur dari tabel `orders`
--

CREATE TABLE `orders` (
  `id` bigint(20) NOT NULL,
  `user_id` bigint(20) UNSIGNED DEFAULT NULL,
  `coupon_id` bigint(20) DEFAULT NULL,
  `order_number` varchar(16) NOT NULL,
  `order_status` enum('1','2','3','4','5') DEFAULT '1',
  `order_date` datetime NOT NULL,
  `total_price` decimal(8,2) DEFAULT NULL,
  `total_items` int(10) DEFAULT NULL,
  `payment_method` int(11) DEFAULT 1,
  `delivery_data` text DEFAULT NULL,
  `delivered_date` datetime DEFAULT NULL,
  `finish_date` datetime DEFAULT NULL
) ENGINE=InnoDB DEFAULT CHARSET=utf8mb4;

--
-- Dumping data untuk tabel `orders`
--

INSERT INTO `orders` (`id`, `user_id`, `coupon_id`, `order_number`, `order_status`, `order_date`, `total_price`, `total_items`, `payment_method`, `delivery_data`, `delivered_date`, `finish_date`) VALUES
(9, 7, NULL, 'ZCV352137461', '3', '2021-05-03 00:03:44', '62000.00', 3, 2, '{\"customer\":{\"name\":\"Agung Tri Saputra\",\"phone_number\":\"081328907767\",\"address\":\"Kost Indah Jaya Belakang No. 19, Jl. Medan Baru VI, Kandang Limun, Bengkulu\"},\"note\":\"\"}', NULL, NULL),
(10, 7, NULL, 'WGY452127307', '1', '2021-05-04 10:31:43', '142000.00', 2, 1, '{\"customer\":{\"name\":\"Agung Tri Saputra\",\"phone_number\":\"081328907767\",\"address\":\"Kost Indah Jaya Belakang No. 19, Jl. Medan Baru VI, Kandang Limun, Bengkulu\"},\"note\":\"\"}', NULL, NULL),
(11, 7, NULL, 'XCB452117342', '2', '2021-05-04 10:35:42', '130000.00', 1, 1, '{\"customer\":{\"name\":\"Agung Tri Saputra\",\"phone_number\":\"081328907767\",\"address\":\"Kost Indah Jaya Belakang No. 19, Jl. Medan Baru VI, Kandang Limun, Bengkulu\"},\"note\":\"\"}', NULL, NULL),
(12, 7, NULL, 'SZR912217240', '4', '2022-01-09 17:54:00', '50000.00', 1, 1, '{\"customer\":{\"name\":\"percobaan user\",\"phone_number\":\"08123456789\",\"address\":\"Kost Indah Jaya Belakang No. 19, Jl. Medan Baru VI, Kandang Limun, Bengkulu\"},\"note\":\"percobaan sewa kamera\"}', NULL, NULL),
(13, 7, NULL, 'KCT1112217025', '1', '2022-01-11 00:30:20', '20000.00', 1, 1, '{\"customer\":{\"name\":\"Agung Tri Saputra\",\"phone_number\":\"081328907767\",\"address\":\"Kost Indah Jaya Belakang No. 19, Jl. Medan Baru VI, Kandang Limun, Bengkulu\"},\"note\":\"\"}', NULL, NULL);

-- --------------------------------------------------------

--
-- Struktur dari tabel `order_items`
--

CREATE TABLE `order_items` (
  `id` bigint(20) NOT NULL,
  `order_id` bigint(20) DEFAULT NULL,
  `product_id` bigint(20) DEFAULT NULL,
  `order_qty` int(10) NOT NULL,
  `order_price` decimal(8,2) DEFAULT NULL
) ENGINE=InnoDB DEFAULT CHARSET=utf8mb4;

--
-- Dumping data untuk tabel `order_items`
--

INSERT INTO `order_items` (`id`, `order_id`, `product_id`, `order_qty`, `order_price`) VALUES
(13, 9, 9, 1, '35000.00'),
(14, 9, 10, 1, '12000.00'),
(16, 10, 1, 2, '65000.00'),
(17, 10, 10, 1, '12000.00'),
(18, 11, 1, 2, '65000.00'),
(19, 12, 15, 5, '10000.00'),
(20, 13, 1, 1, '20000.00');

-- --------------------------------------------------------

--
-- Struktur dari tabel `payments`
--

CREATE TABLE `payments` (
  `id` bigint(20) NOT NULL,
  `order_id` bigint(20) DEFAULT NULL,
  `payment_price` decimal(8,2) DEFAULT NULL,
  `payment_date` datetime NOT NULL,
  `picture_name` varchar(191) DEFAULT NULL,
  `payment_status` enum('1','2','3') DEFAULT '1',
  `confirmed_date` datetime DEFAULT NULL,
  `payment_data` text DEFAULT NULL
) ENGINE=InnoDB DEFAULT CHARSET=utf8mb4;

--
-- Dumping data untuk tabel `payments`
--

INSERT INTO `payments` (`id`, `order_id`, `payment_price`, `payment_date`, `picture_name`, `payment_status`, `confirmed_date`, `payment_data`) VALUES
(4, 5, '271000.00', '2020-03-29 08:20:39', 'category-1.jpg', '1', NULL, '{\"transfer_to\":\"bri\",\"source\":{\"bank\":\"Bank BRI\",\"name\":\"Agung Tri Saputra\",\"number\":\"12-345-678-9\"}}'),
(5, 7, '78000.00', '2020-03-30 08:51:08', 'html5.jpg', '2', NULL, '{\"transfer_to\":\"btn\",\"source\":{\"bank\":\"BANK BCA\",\"name\":\"MMS\",\"number\":\"123-456\"}}'),
(6, 11, '130000.00', '2021-05-04 10:39:11', 'REAKSI_ARTILERI-removebg-preview.png', '1', NULL, '{\"transfer_to\":\"bank-jago-xx\",\"source\":{\"bank\":\"we\",\"name\":\"ddf\",\"number\":\"123\"}}'),
(7, 12, '50000.00', '2022-01-09 17:55:04', '—Pngtree—cute_retro_photo_camera_cartoon_4199147.png', '1', NULL, '{\"transfer_to\":\"bank-jago-xx\",\"source\":{\"bank\":\"BRI\",\"name\":\"percobaan pengirim\",\"number\":\"123456\"}}');

-- --------------------------------------------------------

--
-- Struktur dari tabel `products`
--

CREATE TABLE `products` (
  `id` bigint(20) NOT NULL,
  `category_id` int(10) DEFAULT NULL,
  `sku` varchar(32) DEFAULT NULL,
  `name` varchar(191) NOT NULL,
  `description` varchar(191) DEFAULT NULL,
  `picture_name` varchar(191) DEFAULT NULL,
  `price` decimal(8,2) NOT NULL,
  `current_discount` decimal(8,2) DEFAULT 0.00,
  `stock` int(10) NOT NULL,
  `product_unit` varchar(32) DEFAULT NULL,
  `is_available` tinyint(1) DEFAULT 1,
  `add_date` datetime DEFAULT NULL
) ENGINE=InnoDB DEFAULT CHARSET=utf8mb4;

--
-- Dumping data untuk tabel `products`
--

INSERT INTO `products` (`id`, `category_id`, `sku`, `name`, `description`, `picture_name`, `price`, `current_discount`, `stock`, `product_unit`, `is_available`, `add_date`) VALUES
(1, 12, 'SB750372', 'Nikon D3000', NULL, 'Gambar-Nikon-D3000.jpg', '30000.00', '10000.00', 50, 'Harian', 1, '2020-03-26 15:02:52'),
(2, 11, 'BS350420', 'Gobox Lighting', NULL, 'lighting1.jpg', '50000.00', '2000.00', 10, 'Harian', 1, '2020-03-26 15:03:40'),
(4, 11, 'TS120790', 'Reflector', NULL, 'reflektor1.jpg', '10000.00', '0.00', 20, 'Harian', 1, '2020-03-26 19:36:30'),
(5, 11, 'WS120811', 'Payung Studio', NULL, 'payung.jpg', '12000.00', '0.00', 20, 'Harian', 1, '2020-03-26 19:36:51'),
(8, 11, 'PS220885', 'Softbox', NULL, 'softbox.jpg', '20000.00', '0.00', 100, 'Harian', 1, '2020-03-26 19:38:05'),
(9, 12, 'AB450163', 'NIKON D7000', NULL, 'cameracanon2.jpg', '40000.00', '5000.00', 50, 'Harian', 1, '2020-03-26 19:42:43'),
(10, 12, 'BMS120283', 'NIKON 1300d', NULL, 'canon_eos_1300d.jpg', '12000.00', '0.00', 20, 'Harian', 1, '2020-03-26 19:44:42'),
(15, 12, 'CE6C120792', 'Canon EOS 600', NULL, 'camera1.jpg', '10000.00', '0.00', 20, '1', 1, '2022-01-09 17:39:52');

-- --------------------------------------------------------

--
-- Struktur dari tabel `product_category`
--

CREATE TABLE `product_category` (
  `id` int(10) NOT NULL,
  `name` varchar(191) NOT NULL
) ENGINE=InnoDB DEFAULT CHARSET=utf8mb4;

--
-- Dumping data untuk tabel `product_category`
--

INSERT INTO `product_category` (`id`, `name`) VALUES
(9, 'CANON'),
(10, 'NIKON'),
(11, 'Accessories'),
(12, 'Camera');

-- --------------------------------------------------------

--
-- Struktur dari tabel `reviews`
--

CREATE TABLE `reviews` (
  `id` bigint(20) NOT NULL,
  `user_id` bigint(20) UNSIGNED DEFAULT NULL,
  `order_id` bigint(20) DEFAULT NULL,
  `title` varchar(191) DEFAULT NULL,
  `review_text` mediumtext NOT NULL,
  `review_date` datetime NOT NULL,
  `status` tinyint(1) NOT NULL DEFAULT 1
) ENGINE=InnoDB DEFAULT CHARSET=utf8mb4;

--
-- Dumping data untuk tabel `reviews`
--

INSERT INTO `reviews` (`id`, `user_id`, `order_id`, `title`, `review_text`, `review_date`, `status`) VALUES
(2, 7, 6, 'Sangat puas', 'Pengiriman cepat dan Barang dalam kondisi bagus', '2022-01-07 08:31:31', 1),
(3, 7, 5, 'Kamera mantap', 'harga murah dan kualitasnya sangat bagus', '2022-01-05 08:33:10', 1),
(4, 7, 13, 'percobaan review', 'produk sangat bagus', '2022-01-11 00:38:05', 1);

-- --------------------------------------------------------

--
-- Struktur dari tabel `settings`
--

CREATE TABLE `settings` (
  `id` int(10) NOT NULL,
  `key` varchar(32) NOT NULL,
  `content` text NOT NULL
) ENGINE=InnoDB DEFAULT CHARSET=utf8mb4;

--
-- Dumping data untuk tabel `settings`
--

INSERT INTO `settings` (`id`, `key`, `content`) VALUES
(1, 'current_theme_name', 'vegefoods'),
(2, 'store_name', 'Rental Camera Terbaik Se Jogja'),
(3, 'store_phone_number', '08123456'),
(4, 'store_email', 'JogjaRent@gmail.com'),
(5, 'store_tagline', 'Sewa Kamera Langsung Dari Rumah'),
(6, 'store_logo', 'logo.png'),
(7, 'max_product_image_size', '20000'),
(8, 'store_description', 'Sewa Peralatan Multimedia dengan murah, mudah dan cepat'),
(9, 'store_address', 'Jl. Condong Catur, Jogja'),
(10, 'min_shop_to_free_shipping_cost', '20000'),
(11, 'shipping_cost', '3000'),
(12, 'payment_banks', '{\"bank-jago-xx\":{\"bank\":\"BANK JAGO xx\",\"number\":\"123\",\"name\":\"Martin Mulyo Syahidin\"},\"bank-jagoss\":{\"bank\":\"BANK JAGOss\",\"number\":\"xs\",\"name\":\"as\"},\"bank-jagossxx\":{\"bank\":\"BANK JAGOssxx\",\"number\":\"asd\",\"name\":\"Admin Koramil\"}}');

-- --------------------------------------------------------

--
-- Struktur dari tabel `users`
--

CREATE TABLE `users` (
  `id` bigint(20) UNSIGNED NOT NULL,
  `name` varchar(50) COLLATE utf8mb4_unicode_ci DEFAULT NULL,
  `email` varchar(191) COLLATE utf8mb4_unicode_ci NOT NULL,
  `email_verified_at` timestamp NULL DEFAULT NULL,
  `username` varchar(16) COLLATE utf8mb4_unicode_ci NOT NULL,
  `password` varchar(191) COLLATE utf8mb4_unicode_ci NOT NULL,
  `profile_picture` varchar(128) COLLATE utf8mb4_unicode_ci DEFAULT NULL,
  `role` varchar(32) COLLATE utf8mb4_unicode_ci DEFAULT '0' COMMENT '1 = admin, 2 = customer',
  `register_date` datetime DEFAULT NULL
) ENGINE=InnoDB DEFAULT CHARSET=utf8mb4 COLLATE=utf8mb4_unicode_ci;

--
-- Dumping data untuk tabel `users`
--

INSERT INTO `users` (`id`, `name`, `email`, `email_verified_at`, `username`, `password`, `profile_picture`, `role`, `register_date`) VALUES
(1, 'Admin Camera Rent', 'admin@local.test', NULL, 'admin', '$2y$10$Brm3RNWFKvZ1e0ej1vBz9.QbFMW21q0l/iDSt5aDOoGj9zlLFuxh6', 'agung1.png', 'admin', NULL),
(7, 'Customer Camera Rent', 'customer@local.test', NULL, 'customer', '$2y$10$6C/A5Yy1gt4yhStWDWN1M.isBaznzDc.MZJdIj7UddW3.qIX5vDvK', NULL, 'customer', '2022-01-05 08:14:30'),
(8, NULL, 'martinms.za@gmail.com', NULL, 'test', '$2y$10$gj4QxFnTj0dlpwJvT4aJiOM5UW6uCt7MdafC6VrnqsKDi0/JKmsLS', NULL, 'customer', '2022-01-01 10:25:08'),
(9, NULL, 'percobaan@gmail.com', NULL, 'percobaan', '$2y$10$OTaLFPHOGcCDQof6hOC9huKvn3dNWBfNUhbNf7xJIxc0K1UHKZ2Na', NULL, 'customer', '2022-01-11 01:01:48');

--
-- Indexes for dumped tables
--

--
-- Indeks untuk tabel `ci_sessions`
--
ALTER TABLE `ci_sessions`
  ADD KEY `ci_sessions_timestamp` (`timestamp`);

--
-- Indeks untuk tabel `contacts`
--
ALTER TABLE `contacts`
  ADD PRIMARY KEY (`id`),
  ADD KEY `FK_contacts_contacts` (`parent_id`);

--
-- Indeks untuk tabel `coupons`
--
ALTER TABLE `coupons`
  ADD PRIMARY KEY (`id`);

--
-- Indeks untuk tabel `customers`
--
ALTER TABLE `customers`
  ADD PRIMARY KEY (`id`),
  ADD KEY `FK_customers_users` (`user_id`);

--
-- Indeks untuk tabel `orders`
--
ALTER TABLE `orders`
  ADD PRIMARY KEY (`id`),
  ADD KEY `FK_orders_users` (`user_id`),
  ADD KEY `FK_orders_coupons` (`coupon_id`);

--
-- Indeks untuk tabel `order_items`
--
ALTER TABLE `order_items`
  ADD PRIMARY KEY (`id`),
  ADD KEY `order_id` (`order_id`),
  ADD KEY `product_id` (`product_id`);

--
-- Indeks untuk tabel `payments`
--
ALTER TABLE `payments`
  ADD PRIMARY KEY (`id`),
  ADD KEY `order_id` (`order_id`);

--
-- Indeks untuk tabel `products`
--
ALTER TABLE `products`
  ADD PRIMARY KEY (`id`),
  ADD KEY `FK_products_product_category` (`category_id`);

--
-- Indeks untuk tabel `product_category`
--
ALTER TABLE `product_category`
  ADD PRIMARY KEY (`id`);

--
-- Indeks untuk tabel `reviews`
--
ALTER TABLE `reviews`
  ADD PRIMARY KEY (`id`),
  ADD KEY `FK_reviews_users` (`user_id`),
  ADD KEY `FK_reviews_orders` (`order_id`);

--
-- Indeks untuk tabel `settings`
--
ALTER TABLE `settings`
  ADD PRIMARY KEY (`id`) USING BTREE;

--
-- Indeks untuk tabel `users`
--
ALTER TABLE `users`
  ADD PRIMARY KEY (`id`) USING BTREE,
  ADD UNIQUE KEY `users_email_unique` (`email`) USING BTREE;

--
-- AUTO_INCREMENT untuk tabel yang dibuang
--

--
-- AUTO_INCREMENT untuk tabel `contacts`
--
ALTER TABLE `contacts`
  MODIFY `id` int(10) NOT NULL AUTO_INCREMENT, AUTO_INCREMENT=3;

--
-- AUTO_INCREMENT untuk tabel `coupons`
--
ALTER TABLE `coupons`
  MODIFY `id` bigint(20) NOT NULL AUTO_INCREMENT, AUTO_INCREMENT=6;

--
-- AUTO_INCREMENT untuk tabel `customers`
--
ALTER TABLE `customers`
  MODIFY `id` bigint(20) NOT NULL AUTO_INCREMENT, AUTO_INCREMENT=9;

--
-- AUTO_INCREMENT untuk tabel `orders`
--
ALTER TABLE `orders`
  MODIFY `id` bigint(20) NOT NULL AUTO_INCREMENT, AUTO_INCREMENT=14;

--
-- AUTO_INCREMENT untuk tabel `order_items`
--
ALTER TABLE `order_items`
  MODIFY `id` bigint(20) NOT NULL AUTO_INCREMENT, AUTO_INCREMENT=21;

--
-- AUTO_INCREMENT untuk tabel `payments`
--
ALTER TABLE `payments`
  MODIFY `id` bigint(20) NOT NULL AUTO_INCREMENT, AUTO_INCREMENT=8;

--
-- AUTO_INCREMENT untuk tabel `products`
--
ALTER TABLE `products`
  MODIFY `id` bigint(20) NOT NULL AUTO_INCREMENT, AUTO_INCREMENT=16;

--
-- AUTO_INCREMENT untuk tabel `product_category`
--
ALTER TABLE `product_category`
  MODIFY `id` int(10) NOT NULL AUTO_INCREMENT, AUTO_INCREMENT=13;

--
-- AUTO_INCREMENT untuk tabel `reviews`
--
ALTER TABLE `reviews`
  MODIFY `id` bigint(20) NOT NULL AUTO_INCREMENT, AUTO_INCREMENT=5;

--
-- AUTO_INCREMENT untuk tabel `settings`
--
ALTER TABLE `settings`
  MODIFY `id` int(10) NOT NULL AUTO_INCREMENT, AUTO_INCREMENT=13;

--
-- AUTO_INCREMENT untuk tabel `users`
--
ALTER TABLE `users`
  MODIFY `id` bigint(20) UNSIGNED NOT NULL AUTO_INCREMENT, AUTO_INCREMENT=10;

--
-- Ketidakleluasaan untuk tabel pelimpahan (Dumped Tables)
--

--
-- Ketidakleluasaan untuk tabel `contacts`
--
ALTER TABLE `contacts`
  ADD CONSTRAINT `FK_contacts_contacts` FOREIGN KEY (`parent_id`) REFERENCES `contacts` (`id`) ON DELETE CASCADE ON UPDATE NO ACTION;

--
-- Ketidakleluasaan untuk tabel `customers`
--
ALTER TABLE `customers`
  ADD CONSTRAINT `FK_customers_users` FOREIGN KEY (`user_id`) REFERENCES `users` (`id`) ON DELETE NO ACTION ON UPDATE CASCADE;

--
-- Ketidakleluasaan untuk tabel `orders`
--
ALTER TABLE `orders`
  ADD CONSTRAINT `FK_orders_coupons` FOREIGN KEY (`coupon_id`) REFERENCES `coupons` (`id`) ON DELETE SET NULL ON UPDATE CASCADE,
  ADD CONSTRAINT `FK_orders_users` FOREIGN KEY (`user_id`) REFERENCES `users` (`id`) ON DELETE NO ACTION ON UPDATE CASCADE;

--
-- Ketidakleluasaan untuk tabel `order_items`
--
ALTER TABLE `order_items`
  ADD CONSTRAINT `order_items_ibfk_1` FOREIGN KEY (`order_id`) REFERENCES `orders` (`id`) ON DELETE CASCADE ON UPDATE NO ACTION,
  ADD CONSTRAINT `order_items_ibfk_2` FOREIGN KEY (`product_id`) REFERENCES `products` (`id`) ON DELETE CASCADE ON UPDATE NO ACTION;
COMMIT;

/*!40101 SET CHARACTER_SET_CLIENT=@OLD_CHARACTER_SET_CLIENT */;
/*!40101 SET CHARACTER_SET_RESULTS=@OLD_CHARACTER_SET_RESULTS */;
/*!40101 SET COLLATION_CONNECTION=@OLD_COLLATION_CONNECTION */;
